query_id,doc_id,avg_top_3_chunk_sim_scores,avg_top_3_chunk_text_scores,bm25(title),bm25(chunks),max_chunk_sim_scores,max_chunk_text_scores,modified_freshness,label
q01,nimbus-cert-soc2-2025,0.329673,17.765215,8.502906,18.203791,0.329673,17.765215,0.770480,1
q01,nimbus-cert-soc2-2023,0.370620,15.788923,6.884717,16.164496,0.370620,15.788923,0.119785,1
q01,nimbus-cert-soc1,0.346910,16.052839,2.277319,16.392002,0.346910,16.052839,0.636326,0
q01,nimbus-overview-c,0.210396,9.946649,0.000000,10.210241,0.210396,9.946649,0.391744,0
q01,nimbus-overview-b,0.198080,9.286920,0.000000,9.568893,0.198080,9.286920,0.634501,0
q01,nimbus-assurance,0.237635,3.723057,0.000000,5.310094,0.309638,6.866359,0.727587,0
q01,nimbus-overview-a,0.194945,5.278048,0.000000,5.443660,0.194945,5.278048,0.564229,0
q01,nimbus-vendor-risk,0.232424,4.033587,0.000000,4.156679,0.232424,4.033587,0.692908,0
q01,nimbus-subcontractors,0.103899,3.890973,0.000000,3.967774,0.103899,3.890973,0.630850,0
q01,acme-dc-2025,0.163910,2.810651,0.000000,2.896327,0.163910,2.810651,0.706597,0
q01,granite-dd,0.153264,2.578249,0.000000,2.647671,0.153264,2.578249,0.614423,0
q01,nimbus-sla,0.161811,2.458611,0.000000,2.522070,0.161811,2.458611,0.646365,0
q01,nimbus-subprocessors,0.176302,2.265438,0.000000,2.331300,0.176302,2.265438,0.756791,0
q01,acme-irap,0.245918,2.240358,0.000000,2.272860,0.245918,2.240358,0.740364,0
q01,nimbus-integrations,0.222259,2.125163,0.000000,2.169454,0.222259,2.125163,0.617161,0
q01,nimbus-enc-in-transit,0.199231,1.751917,0.000000,1.796664,0.199231,1.751917,0.711160,0
q01,acme-sla,0.197514,1.625661,0.000000,1.663596,0.197514,1.625661,0.575180,0
q01,granite-sla,0.182561,1.586842,0.000000,1.625782,0.182561,1.586842,0.681044,0
q01,nimbus-insurance-2026,0.131741,0.478111,1.960605,0.488573,0.131741,0.478111,0.849878,0
q01,nimbus-infosec-policy,0.195257,0.802526,0.000000,1.119478,0.205617,1.530797,0.607122,0
q01,nimbus-dr,0.170489,0.665570,0.000000,0.673570,0.170489,0.665570,0.730325,0
q01,nimbus-hr-onboarding,0.190917,0.584089,0.000000,0.593547,0.190917,0.584089,0.676481,0
q01,nimbus-backup,0.157935,0.586287,0.000000,0.595999,0.157935,0.586287,0.665529,0
q01,nimbus-retention,0.154277,0.567584,0.000000,0.578008,0.154277,0.567584,0.665529,0
q01,nimbus-hr-offboarding,0.175974,0.521359,0.000000,0.532598,0.175974,0.521359,0.676481,0
q01,nimbus-partners,0.120350,0.507503,0.000000,0.517795,0.120350,0.507503,0.541414,0
q01,nimbus-insurance-2023,0.122691,0.503571,0.000000,0.512010,0.122691,0.503571,0.000000,0
q01,acme-rfi,0.167732,0.476303,0.000000,0.486934,0.167732,0.476303,0.626287,0
q01,granite-overview,0.080162,0.517397,0.000000,0.526887,0.080162,0.517397,0.526812,0
q01,nimbus-breach-history,0.186768,0.436556,0.000000,0.448036,0.186768,0.436556,0.759529,0
q01,nimbus-ai-governance,0.132118,0.457993,0.000000,0.468846,0.132118,0.457993,0.789645,0
q01,acme-overview,0.116101,0.444232,0.000000,0.454669,0.116101,0.444232,0.544151,0
q01,acme-iso27001,0.236005,0.261532,0.000000,0.264099,0.236005,0.261532,0.533200,0
q01,acme-dc-2022,0.152557,0.289881,0.000000,0.295861,0.152557,0.289881,0.000000,0
q01,nimbus-access-control,0.166353,0.253951,0.000000,0.260880,0.166353,0.253951,0.572443,0
q01,nimbus-breach-policy,0.149879,0.263203,0.000000,0.266068,0.149879,0.263203,0.495783,0
q01,nimbus-overview-d,0.111732,0.264439,0.000000,0.271138,0.111732,0.264439,0.185493,0
q01,nimbus-model-training,0.124951,0.245347,0.000000,0.248714,0.124951,0.245347,0.789645,0
q01,nimbus-enc-at-rest,0.120439,0.140524,0.000000,0.145069,0.120439,0.140524,0.711160,0
q02,acme-irap,0.370956,20.099039,7.142263,20.625485,0.370956,20.099039,0.740364,1
q02,nimbus-enc-at-rest,0.161962,6.678001,0.000000,6.867742,0.161962,6.678001,0.711160,0
q02,nimbus-sla,0.171947,3.890675,1.962999,3.997976,0.171947,3.890675,0.646365,0
q02,nimbus-overview-b,0.201341,4.774088,0.000000,4.918091,0.201341,4.774088,0.634501,0
q02,nimbus-breach-history,0.172417,4.752445,0.000000,4.896754,0.172417,4.752445,0.759529,0
q02,nimbus-overview-a,0.185483,4.633018,0.000000,4.778390,0.185483,4.633018,0.564229,0
q02,acme-dc-2025,0.150028,4.538356,0.000000,4.624841,0.150028,4.538356,0.706597,0
q02,acme-sla,0.138352,3.899202,0.000000,3.995875,0.138352,3.899202,0.575180,0
q02,nimbus-integrations,0.157279,3.433902,0.000000,3.537549,0.157279,3.433902,0.617161,0
q02,nimbus-infosec-policy,0.204329,2.145491,0.000000,2.842904,0.215144,3.766656,0.607122,0
q02,nimbus-ai-governance,0.207310,3.148199,0.000000,3.255455,0.207310,3.148199,0.789645,0
q02,acme-iso27001,0.187198,2.735501,0.000000,2.778926,0.187198,2.735501,0.533200,0
q02,acme-overview,0.109810,2.092346,0.000000,2.141505,0.109810,2.092346,0.544151,0
q02,nimbus-cert-soc2-2023,0.195885,2.029202,0.000000,2.080597,0.195885,2.029202,0.119785,0
q02,nimbus-assurance,0.214630,1.223292,0.000000,1.745813,0.235803,2.273348,0.727587,0
q02,acme-dc-2022,0.148202,2.031268,0.000000,2.073171,0.148202,2.031268,0.000000,0
q02,nimbus-partners,0.172416,1.975928,0.000000,2.027949,0.172416,1.975928,0.541414,0
q02,acme-rfi,0.231436,1.857994,0.000000,1.912520,0.231436,1.857994,0.626287,0
q02,nimbus-dr,0.199070,1.865743,0.000000,1.920162,0.199070,1.865743,0.730325,0
q02,nimbus-cert-soc2-2025,0.182083,1.864618,0.000000,1.918634,0.182083,1.864618,0.770480,0
q02,nimbus-breach-policy,0.210514,1.786004,0.000000,1.840890,0.210514,1.786004,0.495783,0
q02,nimbus-insurance-2026,0.177142,1.681781,0.000000,1.723340,0.177142,1.681781,0.849878,0
q02,nimbus-subprocessors,0.208385,1.554551,0.000000,1.598679,0.208385,1.554551,0.756791,0
q02,nimbus-model-training,0.102805,1.521626,0.000000,1.566031,0.102805,1.521626,0.789645,0
q02,nimbus-vendor-risk,0.226959,0.226748,0.000000,0.230595,0.226959,0.226748,0.692908,0
q02,nimbus-hr-onboarding,0.176677,0.240504,0.000000,0.243761,0.176677,0.240504,0.676481,0
q02,granite-sla,0.134016,0.241726,0.000000,0.244926,0.134016,0.241726,0.681044,0
q02,granite-dd,0.135281,0.231718,0.000000,0.235362,0.135281,0.231718,0.614423,0
q02,nimbus-enc-in-transit,0.177128,0.208549,0.000000,0.212542,0.177128,0.208549,0.711160,0
q02,granite-overview,0.095251,0.247382,0.000000,0.250311,0.095251,0.247382,0.526812,0
q02,nimbus-subcontractors,0.154075,0.208549,0.000000,0.212542,0.154075,0.208549,0.630850,0
q02,nimbus-hr-offboarding,0.171043,0.199372,0.000000,0.203670,0.171043,0.199372,0.676481,0
q02,nimbus-backup,0.137571,0.206512,0.000000,0.210576,0.137571,0.206512,0.665529,0
q02,nimbus-insurance-2023,0.135981,0.192570,0.000000,0.195797,0.135981,0.192570,0.000000,0
q02,nimbus-retention,0.097876,0.198747,0.000000,0.203065,0.097876,0.198747,0.665529,0
q02,nimbus-cert-soc1,0.213156,0.000000,0.000000,0.000000,0.213156,0.000000,0.636326,0
q02,nimbus-overview-c,0.189870,0.000000,0.000000,0.000000,0.189870,0.000000,0.391744,0
q02,nimbus-access-control,0.175656,0.000000,0.000000,0.000000,0.175656,0.000000,0.572443,0
q02,nimbus-overview-d,0.127710,0.000000,0.000000,0.000000,0.127710,0.000000,0.185493,0
q03,nimbus-access-control,0.284986,5.528445,1.422276,5.597868,0.284986,5.528445,0.572443,1
q03,nimbus-overview-b,0.188423,4.755454,1.313181,4.881842,0.188423,4.755454,0.634501,0
q03,nimbus-hr-onboarding,0.262767,4.711485,0.000000,4.793378,0.262767,4.711485,0.676481,0
q03,nimbus-hr-offboarding,0.325638,4.490869,0.000000,4.589097,0.325638,4.490869,0.676481,1
q03,granite-dd,0.158639,4.482441,0.000000,4.613082,0.158639,4.482441,0.614423,0
q03,acme-overview,0.143383,3.072098,1.894425,3.144275,0.143383,3.072098,0.544151,0
q03,nimbus-breach-history,0.187182,3.837847,0.000000,3.933548,0.187182,3.837847,0.759529,0
q03,nimbus-integrations,0.217685,3.671782,0.000000,3.783104,0.217685,3.671782,0.617161,0
q03,acme-dc-2025,0.200966,3.437563,0.000000,3.544743,0.200966,3.437563,0.706597,0
q03,nimbus-vendor-risk,0.197038,3.202700,0.000000,3.302520,0.197038,3.202700,0.692908,0
q03,nimbus-infosec-policy,0.233891,2.071177,0.000000,3.058680,0.247736,2.769219,0.607122,0
q03,nimbus-overview-a,0.189554,2.081338,1.313181,2.127619,0.189554,2.081338,0.564229,0
q03,nimbus-overview-c,0.196335,1.888254,1.313181,1.935794,0.196335,1.888254,0.391744,0
q03,acme-irap,0.186989,2.275392,0.000000,2.323571,0.186989,2.275392,0.740364,0
q03,nimbus-cert-soc2-2023,0.194382,2.137388,0.000000,2.188113,0.194382,2.137388,0.119785,0
q03,nimbus-retention,0.280745,2.009810,0.000000,2.067730,0.280745,2.009810,0.665529,0
q03,nimbus-subprocessors,0.244992,1.860707,0.000000,1.915639,0.244992,1.860707,0.756791,0
q03,acme-iso27001,0.174105,1.887930,0.000000,1.935276,0.174105,1.887930,0.533200,0
q03,nimbus-dr,0.164340,0.617538,0.000000,0.626555,0.164340,0.617538,0.730325,0
q03,nimbus-cert-soc1,0.191934,0.602861,0.000000,0.611887,0.191934,0.602861,0.636326,0
q03,nimbus-assurance,0.198310,0.492533,0.000000,0.575695,0.200667,0.579756,0.727587,0
q03,nimbus-partners,0.188326,0.561985,0.000000,0.571810,0.188326,0.561985,0.541414,0
q03,acme-dc-2022,0.188146,0.521250,0.000000,0.530284,0.188146,0.521250,0.000000,0
q03,nimbus-backup,0.144387,0.531021,0.000000,0.541069,0.144387,0.531021,0.665529,0
q03,nimbus-enc-in-transit,0.179287,0.490248,0.000000,0.501060,0.179287,0.490248,0.711160,0
q03,nimbus-overview-d,0.185627,0.482299,0.000000,0.492639,0.185627,0.482299,0.185493,0
q03,nimbus-sla,0.139217,0.490248,0.000000,0.501060,0.139217,0.490248,0.646365,0
q03,nimbus-subcontractors,0.202100,0.456356,0.000000,0.467395,0.202100,0.456356,0.630850,0
q03,acme-rfi,0.103459,0.476303,0.000000,0.486934,0.103459,0.476303,0.626287,0
q03,nimbus-ai-governance,0.140155,0.444244,0.000000,0.455499,0.140155,0.444244,0.789645,0
q03,granite-overview,0.152982,0.437207,0.000000,0.447830,0.152982,0.437207,0.526812,0
q03,nimbus-cert-soc2-2025,0.169496,0.424853,0.000000,0.436556,0.169496,0.424853,0.770480,0
q03,nimbus-insurance-2023,0.096330,0.311002,0.000000,0.316213,0.096330,0.311002,0.000000,0
q03,nimbus-breach-policy,0.167408,0.253509,0.000000,0.256704,0.167408,0.253509,0.495783,0
q03,nimbus-model-training,0.203715,0.226748,0.000000,0.230595,0.203715,0.226748,0.789645,0
q03,nimbus-insurance-2026,0.112478,0.261737,0.000000,0.268499,0.112478,0.261737,0.849878,0
q03,nimbus-enc-at-rest,0.187418,0.196287,0.000000,0.200678,0.187418,0.196287,0.711160,0
q03,acme-sla,0.169912,0.162065,0.000000,0.166252,0.169912,0.162065,0.575180,0
q03,granite-sla,0.168088,0.159619,0.000000,0.163860,0.168088,0.159619,0.681044,0
q04,nimbus-subcontractors,0.170224,8.060447,0.000000,8.241482,0.170224,8.060447,0.630850,0
q04,nimbus-breach-policy,0.152514,4.783405,0.000000,4.919540,0.152514,4.783405,0.495783,0
q04,nimbus-overview-c,0.163946,4.554401,0.000000,4.662389,0.163946,4.554401,0.391744,0
q04,nimbus-infosec-policy,0.167096,2.287560,0.000000,3.680767,0.205755,4.974566,0.607122,0
q04,nimbus-cert-soc1,0.152246,4.056239,0.000000,4.128685,0.152246,4.056239,0.636326,0
q04,acme-dc-2025,0.092721,2.577507,0.000000,2.655913,0.092721,2.577507,0.706597,0
q04,nimbus-subprocessors,0.158005,1.582598,0.000000,1.618087,0.158005,1.582598,0.756791,1
q04,nimbus-insurance-2026,0.081124,1.620558,0.000000,1.652479,0.081124,1.620558,0.849878,0
q04,nimbus-enc-in-transit,0.153728,1.553942,0.000000,1.587786,0.153728,1.553942,0.711160,0
q04,nimbus-retention,0.141986,1.526465,0.000000,1.563194,0.141986,1.526465,0.665529,0
q04,nimbus-model-training,0.121877,1.505295,0.000000,1.540450,0.121877,1.505295,0.789645,0
q04,nimbus-hr-offboarding,0.128383,1.477273,0.000000,1.512995,0.128383,1.477273,0.676481,0
q04,acme-iso27001,0.124217,1.477873,0.000000,1.510944,0.124217,1.477873,0.533200,0
q04,nimbus-integrations,0.160586,1.296341,0.000000,1.333341,0.160586,1.296341,0.617161,0
q04,nimbus-vendor-risk,0.212535,1.269867,0.000000,1.307254,0.212535,1.269867,0.692908,1
q04,nimbus-access-control,0.124619,1.300854,0.000000,1.331486,0.124619,1.300854,0.572443,0
q04,nimbus-sla,0.126111,1.249856,0.000000,1.272670,0.126111,1.249856,0.646365,0
q04,nimbus-assurance,0.152620,0.881312,0.000000,1.070973,0.176112,1.185369,0.727587,0
q04,nimbus-insurance-2023,0.124170,1.127904,0.000000,1.146804,0.124170,1.127904,0.000000,0
q04,granite-overview,0.106238,1.059450,0.000000,1.082111,0.106238,1.059450,0.526812,0
q04,nimbus-hr-onboarding,0.164115,1.008063,0.000000,1.032082,0.164115,1.008063,0.676481,0
q04,granite-dd,0.129538,0.818678,0.000000,0.831552,0.129538,0.818678,0.614423,0
q04,nimbus-backup,0.165206,0.729623,0.000000,0.743983,0.165206,0.729623,0.665529,0
q04,nimbus-cert-soc2-2023,0.148133,0.661578,0.000000,0.675022,0.148133,0.661578,0.119785,0
q04,acme-irap,0.156620,0.657082,0.000000,0.670365,0.156620,0.657082,0.740364,0
q04,acme-sla,0.090186,0.670449,0.000000,0.683707,0.090186,0.670449,0.575180,0
q04,nimbus-cert-soc2-2025,0.166732,0.624811,0.000000,0.638961,0.166732,0.624811,0.770480,0
q04,nimbus-dr,0.111263,0.609159,0.000000,0.623901,0.111263,0.609159,0.730325,0
q04,nimbus-partners,0.141412,0.566798,0.000000,0.581720,0.141412,0.566798,0.541414,0
q04,nimbus-overview-a,0.164949,0.507729,0.000000,0.523660,0.164949,0.507729,0.564229,0
q04,nimbus-enc-at-rest,0.109448,0.496481,0.000000,0.512540,0.109448,0.496481,0.711160,0
q04,acme-dc-2022,0.116364,0.454668,0.000000,0.464047,0.116364,0.454668,0.000000,0
q04,granite-sla,0.136847,0.241726,0.000000,0.244926,0.136847,0.241726,0.681044,0
q04,nimbus-ai-governance,0.110746,0.249520,0.000000,0.252902,0.110746,0.249520,0.789645,0
q04,acme-rfi,0.089609,0.246300,0.000000,0.249623,0.089609,0.246300,0.626287,0
q04,nimbus-overview-b,0.166660,0.201910,0.000000,0.206128,0.166660,0.201910,0.634501,0
q04,nimbus-breach-history,0.135462,0.201270,0.000000,0.205508,0.135462,0.201270,0.759529,0
q04,acme-overview,0.090193,0.169878,0.000000,0.173869,0.090193,0.169878,0.544151,0
q04,nimbus-overview-d,0.154128,0.000000,0.000000,0.000000,0.154128,0.000000,0.185493,0
q05,nimbus-integrations,0.301563,7.395867,0.669864,7.614829,0.301563,7.395867,0.617161,1
q05,nimbus-hr-offboarding,0.232169,5.840837,0.000000,6.001653,0.232169,5.840837,0.676481,0
q05,nimbus-cert-soc2-2023,0.161608,4.185629,0.000000,4.296865,0.161608,4.185629,0.119785,0
q05,acme-irap,0.192584,3.994891,0.000000,4.083448,0.192584,3.994891,0.740364,0
q05,nimbus-overview-a,0.179264,3.897733,0.000000,4.011818,0.179264,3.897733,0.564229,0
q05,nimbus-hr-onboarding,0.187637,3.860484,0.000000,3.961657,0.187637,3.860484,0.676481,0
q05,nimbus-enc-in-transit,0.218529,3.278461,0.445406,3.351549,0.218529,3.278461,0.711160,0
q05,nimbus-insurance-2023,0.072854,3.524650,0.000000,3.583711,0.072854,3.524650,0.000000,0
q05,nimbus-ai-governance,0.164652,3.424172,0.000000,3.528085,0.164652,3.424172,0.789645,0
q05,acme-rfi,0.167952,3.278472,0.000000,3.373165,0.167952,3.278472,0.626287,0
q05,nimbus-overview-c,0.166748,3.230771,0.000000,3.302368,0.166748,3.230771,0.391744,0
q05,nimbus-dr,0.119790,3.144703,0.000000,3.226327,0.119790,3.144703,0.730325,0
q05,nimbus-enc-at-rest,0.161406,2.879985,0.445406,2.957683,0.161406,2.879985,0.711160,0
q05,nimbus-model-training,0.215972,2.400100,1.242828,2.443166,0.215972,2.400100,0.789645,0
q05,nimbus-access-control,0.149222,3.048970,0.000000,3.093156,0.149222,3.048970,0.572443,0
q05,nimbus-overview-b,0.183415,3.010271,0.000000,3.087191,0.183415,3.010271,0.634501,0
q05,acme-dc-2022,0.180145,2.570262,0.534158,2.618051,0.180145,2.570262,0.000000,0
q05,nimbus-overview-d,0.129977,2.836363,0.000000,2.893447,0.129977,2.836363,0.185493,0
q05,nimbus-infosec-policy,0.194125,1.810713,0.000000,2.829141,0.231764,2.575641,0.607122,0
q05,nimbus-subcontractors,0.184489,2.059107,0.926918,2.115714,0.184489,2.059107,0.630850,0
q05,acme-iso27001,0.175015,2.401790,0.000000,2.458030,0.175015,2.401790,0.533200,0
q05,nimbus-retention,0.162787,2.391748,0.000000,2.454870,0.162787,2.391748,0.665529,0
q05,nimbus-partners,0.214310,2.340632,0.000000,2.402256,0.214310,2.340632,0.541414,0
q05,nimbus-cert-soc1,0.194136,2.317727,0.000000,2.379867,0.194136,2.317727,0.636326,0
q05,granite-dd,0.167403,2.284388,0.000000,2.345416,0.167403,2.284388,0.614423,0
q05,nimbus-subprocessors,0.239091,2.204558,0.000000,2.249451,0.239091,2.204558,0.756791,0
q05,nimbus-assurance,0.196594,1.628698,0.000000,1.976775,0.231789,2.169539,0.727587,0
q05,acme-overview,0.121902,1.936006,0.000000,1.981492,0.121902,1.936006,0.544151,0
q05,acme-sla,0.156311,1.843897,0.000000,1.887471,0.156311,1.843897,0.575180,0
q05,nimbus-breach-policy,0.141450,1.476659,0.411241,1.502006,0.141450,1.476659,0.495783,0
q05,nimbus-backup,0.155539,1.481346,0.000000,1.511527,0.155539,1.481346,0.665529,0
q05,nimbus-vendor-risk,0.193864,1.418418,0.000000,1.454624,0.193864,1.418418,0.692908,0
q05,granite-sla,0.139049,0.911651,0.736604,0.932651,0.139049,0.911651,0.681044,0
q05,acme-dc-2025,0.169201,0.954015,0.581174,0.968203,0.169201,0.954015,0.706597,0
q05,nimbus-sla,0.164679,1.112198,0.000000,1.132376,0.164679,1.112198,0.646365,0
q05,granite-overview,0.111015,0.949091,0.000000,0.969070,0.111015,0.949091,0.526812,0
q05,nimbus-breach-history,0.177611,0.813842,0.000000,0.830981,0.177611,0.813842,0.759529,0
q05,nimbus-cert-soc2-2025,0.149306,0.624811,0.000000,0.638961,0.149306,0.624811,0.770480,0
q05,nimbus-insurance-2026,0.085031,0.626899,0.000000,0.641204,0.085031,0.626899,0.849878,0
q06,nimbus-enc-at-rest,0.389232,7.841805,0.780771,8.068425,0.389232,7.841805,0.711160,1
q06,nimbus-enc-in-transit,0.292959,4.590054,0.445406,4.685540,0.292959,4.590054,0.711160,0
q06,nimbus-breach-policy,0.194029,4.268589,0.411241,4.389804,0.194029,4.268589,0.495783,0
q06,acme-dc-2025,0.179737,3.767358,0.581174,3.824550,0.179737,3.767358,0.706597,0
q06,nimbus-model-training,0.285446,2.755770,0.669527,2.824897,0.285446,2.755770,0.789645,0
q06,nimbus-integrations,0.136705,2.939028,0.000000,3.030663,0.136705,2.939028,0.617161,0
q06,nimbus-backup,0.216582,2.824401,0.000000,2.903436,0.216582,2.824401,0.665529,0
q06,nimbus-subprocessors,0.205138,2.726705,0.000000,2.796481,0.205138,2.726705,0.756791,0
q06,acme-sla,0.130966,2.591788,0.000000,2.658747,0.130966,2.591788,0.575180,0
q06,acme-irap,0.146595,2.489565,0.000000,2.560175,0.146595,2.489565,0.740364,0
q06,nimbus-infosec-policy,0.218171,1.764639,0.309641,2.221886,0.240134,2.056444,0.607122,0
q06,nimbus-ai-governance,0.162505,1.761536,0.000000,1.821545,0.162505,1.761536,0.789645,0
q06,nimbus-retention,0.255730,1.637238,0.000000,1.662111,0.255730,1.637238,0.665529,0
q06,acme-dc-2022,0.163269,1.405388,0.534158,1.429148,0.163269,1.405388,0.000000,0
q06,nimbus-sla,0.144210,1.635229,0.000000,1.681722,0.144210,1.635229,0.646365,0
q06,nimbus-insurance-2026,0.139400,1.465407,0.000000,1.503266,0.139400,1.465407,0.849878,0
q06,nimbus-hr-onboarding,0.206787,1.231518,0.000000,1.259583,0.206787,1.231518,0.676481,0
q06,nimbus-vendor-risk,0.214220,1.150677,0.000000,1.181718,0.214220,1.150677,0.692908,0
q06,nimbus-overview-b,0.178818,1.144524,0.000000,1.175036,0.178818,1.144524,0.634501,0
q06,nimbus-overview-a,0.168825,1.136424,0.000000,1.166552,0.168825,1.136424,0.564229,0
q06,nimbus-breach-history,0.250128,1.073804,0.000000,1.096418,0.250128,1.073804,0.759529,0
q06,nimbus-overview-c,0.172642,1.103819,0.000000,1.133413,0.172642,1.103819,0.391744,0
q06,nimbus-dr,0.163146,0.994283,0.000000,1.025676,0.163146,0.994283,0.730325,0
q06,nimbus-partners,0.170341,0.852304,0.000000,0.865328,0.170341,0.852304,0.541414,0
q06,nimbus-assurance,0.187609,0.862908,0.000000,0.696366,0.219221,0.862908,0.727587,0
q06,acme-overview,0.087396,0.749807,0.000000,0.764474,0.087396,0.749807,0.544151,0
q06,nimbus-cert-soc2-2025,0.130991,0.641447,0.000000,0.658911,0.130991,0.641447,0.770480,0
q06,nimbus-subcontractors,0.180561,0.599434,0.000000,0.616477,0.180561,0.599434,0.630850,0
q06,nimbus-cert-soc1,0.187843,0.552538,0.000000,0.559936,0.187843,0.552538,0.636326,0
q06,acme-rfi,0.137252,0.433451,0.000000,0.447221,0.137252,0.433451,0.626287,0
q06,nimbus-access-control,0.191052,0.342437,0.000000,0.348681,0.191052,0.342437,0.572443,0
q06,nimbus-hr-offboarding,0.162800,0.321987,0.000000,0.328928,0.162800,0.321987,0.676481,0
q06,granite-overview,0.049683,0.356747,0.000000,0.362426,0.049683,0.356747,0.526812,0
q06,acme-iso27001,0.090047,0.265812,0.000000,0.272478,0.090047,0.265812,0.533200,0
q06,granite-sla,0.089788,0.257785,0.000000,0.264634,0.089788,0.257785,0.681044,0
q06,granite-dd,0.106434,0.237468,0.000000,0.244679,0.106434,0.237468,0.614423,0
q06,nimbus-overview-d,0.193081,0.000000,0.000000,0.000000,0.193081,0.000000,0.185493,0
q06,nimbus-insurance-2023,0.148647,0.000000,0.000000,0.000000,0.148647,0.000000,0.000000,0
q06,nimbus-cert-soc2-2023,0.108378,0.000000,0.000000,0.000000,0.108378,0.000000,0.119785,0
q07,nimbus-retention,0.433972,14.567661,5.200833,14.941088,0.433972,14.567661,0.665529,1
q07,nimbus-breach-policy,0.215258,9.501436,0.422732,9.805331,0.215258,9.501436,0.495783,0
q07,nimbus-subcontractors,0.113103,6.988652,0.000000,7.145711,0.113103,6.988652,0.630850,0
q07,acme-dc-2025,0.152318,4.614269,0.592664,4.723472,0.152318,4.614269,0.706597,0
q07,nimbus-ai-governance,0.108472,4.603302,0.000000,4.759007,0.108472,4.603302,0.789645,0
q07,nimbus-cert-soc1,0.089990,4.561810,0.000000,4.633935,0.089990,4.561810,0.636326,0
q07,nimbus-access-control,0.142646,3.923266,0.012445,4.026856,0.142646,3.923266,0.572443,0
q07,nimbus-hr-offboarding,0.239993,3.680542,0.012445,3.783128,0.239993,3.680542,0.676481,0
q07,granite-sla,0.165903,2.875314,0.000000,2.948327,0.165903,2.875314,0.681044,0
q07,nimbus-infosec-policy,0.178220,2.521605,0.000000,3.053384,0.213829,2.715761,0.607122,0
q07,nimbus-insurance-2026,0.125522,2.632208,0.000000,2.697976,0.125522,2.632208,0.849878,0
q07,nimbus-enc-at-rest,0.214134,2.025259,0.445406,2.063866,0.214134,2.025259,0.711160,0
q07,nimbus-enc-in-transit,0.211707,1.954016,0.445406,1.991327,0.211707,1.954016,0.711160,0
q07,nimbus-model-training,0.223688,1.947747,0.381944,1.988825,0.223688,1.947747,0.789645,0
q07,nimbus-subprocessors,0.201912,1.976791,0.012445,2.016826,0.201912,1.976791,0.756791,0
q07,nimbus-overview-a,0.092892,1.864719,0.000000,1.903842,0.092892,1.864719,0.564229,0
q07,nimbus-overview-b,0.102523,1.691338,0.000000,1.733046,0.102523,1.691338,0.634501,0
q07,nimbus-overview-c,0.101418,1.592090,0.000000,1.626991,0.101418,1.592090,0.391744,0
q07,acme-irap,0.140772,1.566937,0.000000,1.607286,0.140772,1.566937,0.740364,0
q07,acme-rfi,0.073585,1.471346,0.000000,1.505590,0.073585,1.471346,0.626287,0
q07,nimbus-partners,0.094337,1.447024,0.012445,1.468867,0.094337,1.447024,0.541414,0
q07,nimbus-breach-history,0.172483,1.400132,0.000000,1.435025,0.172483,1.400132,0.759529,0
q07,nimbus-cert-soc2-2025,0.138254,1.373853,0.000000,1.400806,0.138254,1.373853,0.770480,0
q07,nimbus-assurance,0.178628,0.817344,0.012445,1.180241,0.194158,1.440975,0.727587,0
q07,acme-dc-2022,0.128467,1.009326,0.534158,1.024915,0.128467,1.009326,0.000000,0
q07,nimbus-backup,0.214911,1.141190,0.012445,1.169309,0.214911,1.141190,0.665529,0
q07,acme-iso27001,0.128590,1.189783,0.000000,1.215289,0.128590,1.189783,0.533200,0
q07,nimbus-hr-onboarding,0.135658,1.127975,0.011490,1.149827,0.135658,1.127975,0.676481,0
q07,nimbus-sla,0.128381,1.101702,0.000000,1.129427,0.128381,1.101702,0.646365,0
q07,nimbus-vendor-risk,0.171796,1.074831,0.000000,1.099604,0.171796,1.074831,0.692908,0
q07,acme-sla,0.165955,1.028696,0.000000,1.051209,0.165955,1.028696,0.575180,0
q07,nimbus-dr,0.164298,0.930127,0.011490,0.954838,0.164298,0.930127,0.730325,0
q07,granite-overview,0.069314,0.622913,0.000000,0.631820,0.069314,0.622913,0.526812,0
q07,acme-overview,0.102008,0.552910,0.000000,0.562625,0.102008,0.552910,0.544151,0
q07,nimbus-integrations,0.134509,0.485516,0.013572,0.496739,0.134509,0.485516,0.617161,0
q07,granite-dd,0.124255,0.491456,0.000000,0.502547,0.124255,0.491456,0.614423,0
q07,nimbus-cert-soc2-2023,0.145633,0.285088,0.000000,0.287920,0.145633,0.285088,0.119785,0
q07,nimbus-insurance-2023,0.102913,0.208946,0.000000,0.212447,0.102913,0.208946,0.000000,0
q07,nimbus-overview-d,0.110073,0.022194,0.000000,0.022415,0.110073,0.022194,0.185493,0
q08,nimbus-dr,0.355714,11.137806,12.067535,11.422977,0.355714,11.137806,0.730325,1
q08,nimbus-backup,0.221262,5.296991,0.012445,5.422391,0.221262,5.296991,0.665529,1
q08,acme-dc-2022,0.179717,5.317511,0.000000,5.427205,0.179717,5.317511,0.000000,0
q08,nimbus-integrations,0.172913,5.000668,0.013572,5.156087,0.172913,5.000668,0.617161,0
q08,nimbus-vendor-risk,0.131014,2.439575,0.000000,2.493583,0.131014,2.439575,0.692908,0
q08,nimbus-insurance-2026,0.134516,2.012944,0.000000,2.064604,0.134516,2.012944,0.849878,0
q08,nimbus-hr-onboarding,0.151349,1.959335,0.011490,2.012170,0.151349,1.959335,0.676481,0
q08,nimbus-assurance,0.179279,0.768636,0.012445,1.039529,0.207962,1.516794,0.727587,0
q08,nimbus-infosec-policy,0.173833,0.537967,0.000000,0.869797,0.191732,1.570472,0.607122,0
q08,nimbus-hr-offboarding,0.196642,0.016954,0.012445,0.017320,0.196642,0.016954,0.676481,0
q08,nimbus-subprocessors,0.182683,0.019657,0.012445,0.019969,0.182683,0.019657,0.756791,0
q08,acme-irap,0.186999,0.021275,0.000000,0.021542,0.186999,0.021275,0.740364,0
q08,nimbus-cert-soc2-2025,0.175606,0.022728,0.000000,0.022954,0.175606,0.022728,0.770480,0
q08,nimbus-breach-policy,0.159134,0.022382,0.011490,0.022626,0.159134,0.022382,0.495783,0
q08,acme-rfi,0.167440,0.020945,0.000000,0.021227,0.167440,0.020945,0.626287,0
q08,nimbus-cert-soc2-2023,0.166690,0.017911,0.000000,0.018244,0.166690,0.017911,0.119785,0
q08,acme-overview,0.152814,0.022519,0.000000,0.022722,0.152814,0.022519,0.544151,0
q08,acme-iso27001,0.147538,0.022240,0.000000,0.022458,0.147538,0.022240,0.533200,0
q08,nimbus-retention,0.155169,0.012165,0.009962,0.012550,0.155169,0.012165,0.665529,0
q08,nimbus-sla,0.146869,0.020146,0.000000,0.020437,0.146869,0.020146,0.646365,0
q08,acme-dc-2025,0.136578,0.019515,0.011490,0.019832,0.136578,0.019515,0.706597,0
q08,granite-sla,0.149421,0.018214,0.000000,0.018535,0.149421,0.018214,0.681044,0
q08,acme-sla,0.155969,0.013782,0.000000,0.014138,0.155969,0.013782,0.575180,0
q08,nimbus-insurance-2023,0.150842,0.016376,0.000000,0.016650,0.150842,0.016376,0.000000,0
q08,nimbus-overview-c,0.138105,0.021924,0.000000,0.022159,0.138105,0.021924,0.391744,0
q08,nimbus-model-training,0.141031,0.019282,0.000000,0.019609,0.141031,0.019282,0.789645,0
q08,nimbus-access-control,0.122465,0.021835,0.012445,0.022074,0.122465,0.021835,0.572443,0
q08,granite-dd,0.131968,0.022270,0.000000,0.022506,0.131968,0.022270,0.614423,0
q08,nimbus-overview-a,0.129472,0.023439,0.000000,0.023636,0.129472,0.023439,0.564229,0
q08,nimbus-enc-in-transit,0.134753,0.020146,0.000000,0.020437,0.134753,0.020146,0.711160,0
q08,nimbus-partners,0.118962,0.020608,0.012445,0.020878,0.118962,0.020608,0.541414,0
q08,nimbus-overview-b,0.124021,0.022233,0.000000,0.022471,0.124021,0.022233,0.634501,0
q08,nimbus-subcontractors,0.127452,0.020146,0.000000,0.020437,0.127452,0.020146,0.630850,0
q08,nimbus-breach-history,0.116007,0.019609,0.000000,0.019923,0.116007,0.019609,0.759529,0
q08,nimbus-ai-governance,0.102391,0.022734,0.000000,0.022969,0.102391,0.022734,0.789645,0
q08,granite-overview,0.104708,0.018784,0.000000,0.019083,0.104708,0.018784,0.526812,0
q08,nimbus-overview-d,0.094530,0.022194,0.000000,0.022415,0.094530,0.022194,0.185493,0
q08,nimbus-cert-soc1,0.129953,0.000000,0.000000,0.000000,0.129953,0.000000,0.636326,0
q08,nimbus-enc-at-rest,0.090843,0.016692,0.000000,0.017065,0.090843,0.016692,0.711160,0
q09,acme-sla,0.266775,11.252644,2.685746,11.487157,0.266775,11.252644,0.575180,0
q09,granite-sla,0.286320,10.582860,3.871270,10.834724,0.286320,10.582860,0.681044,1
q09,nimbus-sla,0.213684,10.216549,2.239499,10.477108,0.213684,10.216549,0.646365,0
q09,nimbus-subcontractors,0.137327,5.689201,1.312580,5.798037,0.137327,5.689201,0.630850,0
q09,nimbus-cert-soc1,0.133157,5.271792,0.000000,5.379758,0.133157,5.271792,0.636326,0
q09,granite-overview,0.141111,4.279554,0.000000,4.383383,0.141111,4.279554,0.526812,0
q09,nimbus-integrations,0.205970,2.910435,0.013572,3.000683,0.205970,2.910435,0.617161,0
q09,acme-iso27001,0.198183,2.705513,0.000000,2.773022,0.198183,2.705513,0.533200,0
q09,nimbus-cert-soc2-2025,0.188841,2.691170,0.000000,2.764298,0.188841,2.691170,0.770480,0
q09,nimbus-partners,0.086288,2.690500,0.012445,2.759161,0.086288,2.690500,0.541414,0
q09,nimbus-cert-soc2-2023,0.193326,2.639277,0.000000,2.709068,0.193326,2.639277,0.119785,0
q09,nimbus-enc-in-transit,0.194472,2.474992,0.000000,2.512863,0.194472,2.474992,0.711160,0
q09,acme-dc-2025,0.147660,2.397021,0.011490,2.471467,0.147660,2.397021,0.706597,0
q09,nimbus-overview-b,0.107756,2.408325,0.000000,2.481513,0.107756,2.408325,0.634501,0
q09,nimbus-overview-a,0.119230,2.366285,0.000000,2.439995,0.119230,2.366285,0.564229,0
q09,nimbus-infosec-policy,0.144518,1.493536,0.000000,2.305151,0.165121,2.369480,0.607122,0
q09,nimbus-assurance,0.156729,1.184409,0.012445,1.591291,0.178014,2.137656,0.727587,0
q09,nimbus-subprocessors,0.190640,1.643341,0.012445,1.691338,0.190640,1.643341,0.756791,0
q09,nimbus-hr-offboarding,0.166425,1.556666,0.012445,1.605344,0.166425,1.556666,0.676481,0
q09,nimbus-overview-c,0.120842,1.564730,0.000000,1.606329,0.120842,1.564730,0.391744,0
q09,nimbus-dr,0.158970,1.326383,0.011490,1.355196,0.158970,1.326383,0.730325,0
q09,acme-irap,0.171507,0.994577,0.000000,1.024199,0.171507,0.994577,0.740364,0
q09,nimbus-retention,0.119515,0.954736,0.009962,0.984881,0.119515,0.954736,0.665529,0
q09,nimbus-insurance-2026,0.124140,0.927836,0.000000,0.951461,0.124140,0.927836,0.849878,0
q09,acme-rfi,0.124546,0.267244,0.000000,0.270850,0.124546,0.267244,0.626287,0
q09,nimbus-model-training,0.161180,0.246030,0.000000,0.250204,0.161180,0.246030,0.789645,0
q09,nimbus-hr-onboarding,0.168818,0.230837,0.011490,0.235003,0.168818,0.230837,0.676481,0
q09,nimbus-breach-policy,0.075762,0.275891,0.011490,0.279330,0.075762,0.275891,0.495783,0
q09,acme-dc-2022,0.142108,0.246633,0.000000,0.250002,0.142108,0.246633,0.000000,0
q09,nimbus-ai-governance,0.109496,0.258505,0.000000,0.262525,0.109496,0.258505,0.789645,0
q09,nimbus-breach-history,0.088138,0.250204,0.000000,0.254209,0.088138,0.250204,0.759529,0
q09,nimbus-overview-d,0.064546,0.240055,0.000000,0.243916,0.064546,0.240055,0.185493,0
q09,nimbus-enc-at-rest,0.080468,0.212979,0.000000,0.217744,0.080468,0.212979,0.711160,0
q09,nimbus-access-control,0.117195,0.179079,0.012445,0.183609,0.117195,0.179079,0.572443,0
q09,granite-dd,0.138816,0.169308,0.000000,0.174010,0.138816,0.169308,0.614423,0
q09,nimbus-vendor-risk,0.114105,0.162013,0.000000,0.166838,0.114105,0.162013,0.692908,0
q09,nimbus-backup,0.077308,0.164107,0.012445,0.168882,0.077308,0.164107,0.665529,0
q09,acme-overview,0.135169,0.022519,0.000000,0.022722,0.135169,0.022519,0.544151,0
q09,nimbus-insurance-2023,0.107904,0.016376,0.000000,0.016650,0.107904,0.016376,0.000000,0
q10,acme-dc-2025,0.334235,7.102472,5.624435,7.273669,0.334235,7.102472,0.706597,1
q10,nimbus-enc-at-rest,0.264179,4.804292,3.189176,4.919655,0.264179,4.804292,0.711160,0
q10,acme-dc-2022,0.315523,2.886450,6.849167,2.932177,0.315523,2.886450,0.000000,0
q10,nimbus-model-training,0.214386,5.313483,1.201919,5.423615,0.214386,5.313483,0.789645,0
q10,nimbus-breach-policy,0.142432,4.859899,0.833973,4.975074,0.142432,4.859899,0.495783,0
q10,acme-sla,0.148837,4.907310,0.000000,5.034091,0.148837,4.907310,0.575180,0
q10,nimbus-retention,0.214319,4.464232,0.009962,4.567928,0.214319,4.464232,0.665529,0
q10,nimbus-integrations,0.152919,3.826131,0.013572,3.944929,0.152919,3.826131,0.617161,0
q10,acme-iso27001,0.177684,3.612916,0.000000,3.703181,0.177684,3.612916,0.533200,0
q10,acme-rfi,0.134084,3.404061,0.000000,3.511823,0.134084,3.404061,0.626287,0
q10,nimbus-subcontractors,0.163023,3.282763,0.161988,3.368589,0.163023,3.282763,0.630850,0
q10,nimbus-cert-soc1,0.114345,3.044216,0.000000,3.113580,0.114345,3.044216,0.636326,0
q10,nimbus-enc-in-transit,0.170291,2.426653,1.066257,2.483836,0.170291,2.426653,0.711160,0
q10,nimbus-infosec-policy,0.141326,1.976372,0.309641,2.959672,0.148704,2.688171,0.607122,0
q10,nimbus-hr-offboarding,0.115376,2.684165,0.012445,2.756386,0.115376,2.684165,0.676481,0
q10,nimbus-subprocessors,0.179335,2.583693,0.012445,2.642857,0.179335,2.583693,0.756791,0
q10,granite-overview,0.091707,2.629778,0.000000,2.690531,0.091707,2.629778,0.526812,0
q10,nimbus-cert-soc2-2023,0.113258,2.577476,0.000000,2.646527,0.113258,2.577476,0.119785,0
q10,nimbus-overview-c,0.158177,2.340231,0.000000,2.397782,0.158177,2.340231,0.391744,0
q10,nimbus-overview-a,0.168699,2.235717,0.000000,2.295695,0.168699,2.235717,0.564229,0
q10,acme-irap,0.123411,2.176010,0.000000,2.236789,0.123411,2.176010,0.740364,0
q10,nimbus-vendor-risk,0.142424,2.128345,0.000000,2.184479,0.142424,2.128345,0.692908,0
q10,nimbus-dr,0.145530,2.104820,0.011490,2.165728,0.145530,2.104820,0.730325,0
q10,nimbus-breach-history,0.157681,1.982435,0.000000,2.022687,0.157681,1.982435,0.759529,0
q10,nimbus-overview-b,0.152661,1.889330,0.000000,1.938095,0.152661,1.889330,0.634501,0
q10,nimbus-hr-onboarding,0.113519,1.730574,0.011490,1.771975,0.113519,1.730574,0.676481,0
q10,nimbus-partners,0.116028,1.471610,0.012445,1.500667,0.116028,1.471610,0.541414,0
q10,nimbus-assurance,0.142451,0.970031,0.012445,1.293944,0.160531,1.339256,0.727587,0
q10,nimbus-cert-soc2-2025,0.133572,1.257766,0.000000,1.292195,0.133572,1.257766,0.770480,0
q10,nimbus-backup,0.244280,1.117067,0.012445,1.139173,0.244280,1.117067,0.665529,0
q10,acme-overview,0.183662,1.071231,0.000000,1.089496,0.183662,1.071231,0.544151,0
q10,nimbus-access-control,0.116770,1.089884,0.012445,1.111304,0.116770,1.089884,0.572443,0
q10,granite-dd,0.108432,0.846698,0.000000,0.863376,0.108432,0.846698,0.614423,0
q10,nimbus-insurance-2026,0.072686,0.833409,0.000000,0.846538,0.072686,0.833409,0.849878,0
q10,nimbus-ai-governance,0.125065,0.771829,0.000000,0.795792,0.125065,0.771829,0.789645,0
q10,granite-sla,0.109600,0.467357,0.000000,0.479613,0.109600,0.467357,0.681044,0
q10,nimbus-sla,0.124927,0.451906,0.000000,0.464473,0.124927,0.451906,0.646365,0
q10,nimbus-overview-d,0.177584,0.283376,0.000000,0.287961,0.177584,0.283376,0.185493,0
q10,nimbus-insurance-2023,0.088595,0.247238,0.000000,0.251381,0.088595,0.247238,0.000000,0
q11,nimbus-insurance-2026,0.341352,13.616383,6.458834,13.848531,0.341352,13.616383,0.849878,1
q11,nimbus-insurance-2023,0.317880,12.052629,5.493739,12.190279,0.317880,12.052629,0.000000,0
q11,nimbus-cert-soc1,0.180816,5.466488,0.000000,5.581584,0.180816,5.466488,0.636326,0
q11,nimbus-cert-soc2-2025,0.205039,4.312017,1.541584,4.426618,0.205039,4.312017,0.770480,0
q11,nimbus-overview-b,0.181243,3.926406,0.000000,4.046448,0.181243,3.926406,0.634501,0
q11,nimbus-subcontractors,0.127493,3.434617,0.000000,3.500379,0.127493,3.434617,0.630850,0
q11,acme-dc-2025,0.120057,2.377506,0.000000,2.451634,0.120057,2.377506,0.706597,0
q11,nimbus-overview-c,0.185048,2.130327,0.000000,2.187443,0.185048,2.130327,0.391744,0
q11,nimbus-cert-soc2-2023,0.173331,2.088494,0.000000,2.146450,0.173331,2.088494,0.119785,0
q11,granite-dd,0.078098,1.972305,0.000000,2.032198,0.078098,1.972305,0.614423,0
q11,nimbus-sla,0.165834,1.884893,0.000000,1.938484,0.165834,1.884893,0.646365,0
q11,nimbus-subprocessors,0.174521,1.797911,0.000000,1.852878,0.174521,1.797911,0.756791,0
q11,nimbus-assurance,0.197606,1.631859,0.000000,1.110811,0.209033,1.631859,0.727587,0
q11,nimbus-enc-in-transit,0.205882,0.000000,0.000000,0.000000,0.205882,0.000000,0.711160,0
q11,nimbus-infosec-policy,0.176150,0.000000,0.000000,0.000000,0.187042,0.000000,0.607122,0
q11,nimbus-dr,0.175583,0.000000,0.000000,0.000000,0.175583,0.000000,0.730325,0
q11,nimbus-overview-a,0.168937,0.000000,0.000000,0.000000,0.168937,0.000000,0.564229,0
q11,nimbus-enc-at-rest,0.162084,0.000000,0.000000,0.000000,0.162084,0.000000,0.711160,0
q11,nimbus-integrations,0.161755,0.000000,0.000000,0.000000,0.161755,0.000000,0.617161,0
q11,nimbus-breach-policy,0.158733,0.000000,0.000000,0.000000,0.158733,0.000000,0.495783,0
q11,acme-sla,0.155614,0.000000,0.000000,0.000000,0.155614,0.000000,0.575180,0
q11,nimbus-backup,0.153672,0.000000,0.000000,0.000000,0.153672,0.000000,0.665529,0
q11,acme-irap,0.151209,0.000000,0.000000,0.000000,0.151209,0.000000,0.740364,0
q11,nimbus-breach-history,0.149641,0.000000,0.000000,0.000000,0.149641,0.000000,0.759529,0
q11,nimbus-vendor-risk,0.148388,0.000000,0.000000,0.000000,0.148388,0.000000,0.692908,0
q11,granite-sla,0.146885,0.000000,0.000000,0.000000,0.146885,0.000000,0.681044,0
q11,acme-iso27001,0.146865,0.000000,0.000000,0.000000,0.146865,0.000000,0.533200,0
q11,nimbus-partners,0.143981,0.000000,0.000000,0.000000,0.143981,0.000000,0.541414,0
q11,nimbus-ai-governance,0.137506,0.000000,0.000000,0.000000,0.137506,0.000000,0.789645,0
q11,acme-dc-2022,0.137097,0.000000,0.000000,0.000000,0.137097,0.000000,0.000000,0
q11,nimbus-retention,0.124748,0.000000,0.000000,0.000000,0.124748,0.000000,0.665529,0
q11,acme-overview,0.124513,0.000000,0.000000,0.000000,0.124513,0.000000,0.544151,0
q11,nimbus-hr-offboarding,0.122268,0.000000,0.000000,0.000000,0.122268,0.000000,0.676481,0
q11,nimbus-access-control,0.119304,0.000000,0.000000,0.000000,0.119304,0.000000,0.572443,0
q11,nimbus-overview-d,0.118172,0.000000,0.000000,0.000000,0.118172,0.000000,0.185493,0
q11,nimbus-hr-onboarding,0.111163,0.000000,0.000000,0.000000,0.111163,0.000000,0.676481,0
q11,acme-rfi,0.107281,0.000000,0.000000,0.000000,0.107281,0.000000,0.626287,0
q11,nimbus-model-training,0.097698,0.000000,0.000000,0.000000,0.097698,0.000000,0.789645,0
q11,granite-overview,0.070243,0.000000,0.000000,0.000000,0.070243,0.000000,0.526812,0
q12,nimbus-subcontractors,0.280967,16.055912,4.305531,16.463164,0.280967,16.055912,0.630850,1
q12,nimbus-integrations,0.160525,4.619843,0.000000,4.761138,0.160525,4.619843,0.617161,0
q12,nimbus-cert-soc1,0.147010,4.500389,0.000000,4.587672,0.147010,4.500389,0.636326,0
q12,nimbus-ai-governance,0.120160,3.392646,0.000000,3.491423,0.120160,3.392646,0.789645,0
q12,nimbus-hr-onboarding,0.127475,3.238059,0.000000,3.323730,0.127475,3.238059,0.676481,0
q12,nimbus-enc-in-transit,0.165995,2.950174,0.205428,3.004662,0.165995,2.950174,0.711160,0
q12,nimbus-cert-soc2-2025,0.173401,2.616373,0.000000,2.698543,0.173401,2.616373,0.770480,0
q12,nimbus-assurance,0.123109,1.613778,0.000000,2.064359,0.138467,2.811144,0.727587,0
q12,acme-dc-2025,0.102935,2.377506,0.000000,2.451634,0.102935,2.377506,0.706597,0
q12,nimbus-model-training,0.181084,1.782239,1.037042,1.812474,0.181084,1.782239,0.789645,0
q12,acme-sla,0.126645,1.819424,0.852451,1.839147,0.126645,1.819424,0.575180,0
q12,nimbus-breach-history,0.092018,2.224753,0.000000,2.289817,0.092018,2.224753,0.759529,0
q12,nimbus-partners,0.157352,2.094635,0.000000,2.147882,0.157352,2.094635,0.541414,0
q12,nimbus-vendor-risk,0.151145,2.073183,0.000000,2.139845,0.151145,2.073183,0.692908,0
q12,nimbus-overview-b,0.151767,1.861274,0.000000,1.918179,0.151767,1.861274,0.634501,0
q12,nimbus-overview-a,0.144836,1.827540,0.000000,1.884883,0.144836,1.827540,0.564229,0
q12,nimbus-sla,0.117601,1.459131,0.710813,1.488493,0.117601,1.459131,0.646365,0
q12,nimbus-overview-d,0.113963,1.646923,0.000000,1.684130,0.113963,1.646923,0.185493,0
q12,granite-sla,0.168892,1.500579,0.000000,1.528517,0.168892,1.500579,0.681044,0
q12,acme-rfi,0.094307,1.423190,0.000000,1.463902,0.094307,1.423190,0.626287,0
q12,nimbus-cert-soc2-2023,0.134732,1.290611,0.000000,1.320436,0.134732,1.290611,0.119785,0
q12,acme-iso27001,0.153792,1.270884,0.000000,1.300128,0.153792,1.270884,0.533200,0
q12,nimbus-enc-at-rest,0.080501,1.160278,0.205428,1.195849,0.080501,1.160278,0.711160,0
q12,granite-overview,0.124056,1.213951,0.000000,1.243447,0.124056,1.213951,0.526812,0
q12,nimbus-hr-offboarding,0.153337,1.188794,0.000000,1.219807,0.153337,1.188794,0.676481,0
q12,nimbus-subprocessors,0.224260,1.118246,0.000000,1.150479,0.224260,1.118246,0.756791,1
q12,nimbus-infosec-policy,0.132631,0.635736,0.000000,0.898966,0.152336,1.349738,0.607122,0
q12,nimbus-overview-c,0.156205,0.771403,0.000000,0.792085,0.156205,0.771403,0.391744,0
q12,granite-dd,0.163310,0.431370,0.189671,0.441727,0.163310,0.431370,0.614423,0
q12,nimbus-retention,0.129929,0.489469,0.000000,0.498619,0.129929,0.489469,0.665529,0
q12,nimbus-dr,0.127129,0.477734,0.000000,0.488112,0.127129,0.477734,0.730325,0
q12,nimbus-breach-policy,0.115058,0.442396,0.000000,0.452044,0.115058,0.442396,0.495783,0
q12,nimbus-insurance-2023,0.102099,0.389609,0.000000,0.391936,0.102099,0.389609,0.000000,0
q12,nimbus-insurance-2026,0.090876,0.364863,0.000000,0.368585,0.090876,0.364863,0.849878,0
q12,acme-irap,0.101515,0.355086,0.000000,0.365796,0.101515,0.355086,0.740364,0
q12,nimbus-backup,0.074990,0.363553,0.000000,0.374130,0.074990,0.363553,0.665529,0
q12,acme-overview,0.140543,0.238462,0.000000,0.244065,0.140543,0.238462,0.544151,0
q12,acme-dc-2022,0.106128,0.231369,0.000000,0.234423,0.106128,0.231369,0.000000,0
q12,nimbus-access-control,0.111826,0.157244,0.000000,0.161535,0.111826,0.157244,0.572443,0
q13,nimbus-breach-history,0.322107,8.546707,0.721255,8.803708,0.322107,8.546707,0.759529,1
q13,nimbus-vendor-risk,0.205972,6.633801,0.000000,6.800886,0.205972,6.633801,0.692908,0
q13,nimbus-overview-b,0.276850,5.752800,0.000000,5.913815,0.276850,5.752800,0.634501,0
q13,nimbus-integrations,0.194716,5.693299,0.000000,5.864231,0.194716,5.693299,0.617161,0
q13,nimbus-overview-a,0.249253,5.369325,0.000000,5.524849,0.249253,5.369325,0.564229,0
q13,nimbus-breach-policy,0.252085,3.822395,1.659830,3.890194,0.252085,3.822395,0.495783,0
q13,acme-iso27001,0.190278,4.112256,0.000000,4.211392,0.190278,4.112256,0.533200,0
q13,nimbus-overview-d,0.245722,3.828356,0.000000,3.908854,0.245722,3.828356,0.185493,0
q13,nimbus-backup,0.213237,3.668784,0.000000,3.765849,0.213237,3.668784,0.665529,0
q13,nimbus-overview-c,0.262066,3.630106,0.000000,3.715713,0.262066,3.630106,0.391744,0
q13,nimbus-infosec-policy,0.244395,2.020595,0.610608,2.600024,0.264735,3.157743,0.607122,0
q13,nimbus-sla,0.151309,3.024013,0.000000,3.103546,0.151309,3.024013,0.646365,0
q13,nimbus-insurance-2026,0.166624,2.663244,0.000000,2.730159,0.166624,2.663244,0.849878,0
q13,nimbus-assurance,0.246884,1.057767,0.661335,1.377106,0.254209,1.504120,0.727587,0
q13,nimbus-hr-onboarding,0.216879,1.298221,0.610608,1.326995,0.216879,1.298221,0.676481,0
q13,nimbus-cert-soc2-2023,0.194244,1.608792,0.000000,1.640907,0.194244,1.608792,0.119785,0
q13,nimbus-cert-soc2-2025,0.230797,1.369131,0.000000,1.404867,0.230797,1.369131,0.770480,0
q13,acme-irap,0.186161,1.378269,0.000000,1.404478,0.186161,1.378269,0.740364,0
q13,nimbus-retention,0.205031,1.214071,0.000000,1.244908,0.205031,1.214071,0.665529,0
q13,nimbus-ai-governance,0.127856,1.196084,0.000000,1.233386,0.127856,1.196084,0.789645,0
q13,nimbus-cert-soc1,0.199564,1.107107,0.000000,1.131564,0.199564,1.107107,0.636326,0
q13,nimbus-dr,0.212957,0.961420,0.000000,0.973378,0.212957,0.961420,0.730325,0
q13,nimbus-enc-in-transit,0.210238,0.729308,0.175445,0.744980,0.210238,0.729308,0.711160,0
q13,nimbus-subcontractors,0.187122,0.706375,0.161988,0.722201,0.187122,0.706375,0.630850,0
q13,acme-dc-2025,0.184747,0.755827,0.000000,0.770435,0.184747,0.755827,0.706597,0
q13,nimbus-insurance-2023,0.179346,0.734434,0.000000,0.746740,0.179346,0.734434,0.000000,0
q13,acme-overview,0.146292,0.743137,0.000000,0.756969,0.146292,0.743137,0.544151,0
q13,granite-overview,0.138258,0.717835,0.000000,0.732195,0.138258,0.717835,0.526812,0
q13,nimbus-partners,0.156673,0.699830,0.000000,0.715185,0.156673,0.699830,0.541414,0
q13,nimbus-subprocessors,0.227809,0.642991,0.000000,0.659249,0.227809,0.642991,0.756791,0
q13,acme-rfi,0.117448,0.647039,0.000000,0.663094,0.117448,0.647039,0.626287,0
q13,acme-dc-2022,0.171476,0.596829,0.000000,0.605788,0.171476,0.596829,0.000000,0
q13,granite-dd,0.126740,0.605944,0.000000,0.615473,0.126740,0.605944,0.614423,0
q13,nimbus-hr-offboarding,0.229830,0.521359,0.000000,0.532598,0.229830,0.521359,0.676481,0
q13,nimbus-access-control,0.229195,0.442463,0.000000,0.454536,0.229195,0.442463,0.572443,0
q13,acme-sla,0.118942,0.454217,0.000000,0.461888,0.118942,0.454217,0.575180,0
q13,nimbus-enc-at-rest,0.231233,0.375842,0.000000,0.385652,0.231233,0.375842,0.711160,0
q13,granite-sla,0.116256,0.433084,0.000000,0.441369,0.116256,0.433084,0.681044,0
q13,nimbus-model-training,0.132234,0.245347,0.150448,0.248714,0.132234,0.245347,0.789645,0
q14,nimbus-infosec-policy,0.247132,5.907191,1.529113,10.552756,0.322046,13.848253,0.607122,1
q14,nimbus-integrations,0.182331,4.285607,0.013572,4.406439,0.182331,4.285607,0.617161,0
q14,nimbus-access-control,0.265815,4.074049,0.012445,4.174852,0.265815,4.074049,0.572443,1
q14,nimbus-hr-offboarding,0.242779,3.222405,0.012445,3.320188,0.242779,3.222405,0.676481,0
q14,nimbus-breach-history,0.170698,3.142667,0.000000,3.232065,0.170698,3.142667,0.759529,0
q14,nimbus-hr-onboarding,0.242996,2.763094,0.011490,2.832424,0.242996,2.763094,0.676481,0
q14,nimbus-breach-policy,0.130439,1.545183,1.540603,1.597447,0.130439,1.545183,0.495783,0
q14,nimbus-ai-governance,0.139332,2.246238,0.000000,2.323037,0.139332,2.246238,0.789645,0
q14,nimbus-insurance-2026,0.127171,1.856159,0.000000,1.903768,0.127171,1.856159,0.849878,0
q14,nimbus-retention,0.136959,1.318303,0.009962,1.335255,0.136959,1.318303,0.665529,0
q14,acme-sla,0.116126,1.151371,0.000000,1.169682,0.116126,1.151371,0.575180,0
q14,nimbus-sla,0.119585,1.017836,0.000000,1.039531,0.119585,1.017836,0.646365,0
q14,granite-overview,0.127772,0.976704,0.000000,0.997290,0.127772,0.976704,0.526812,0
q14,nimbus-enc-in-transit,0.191957,0.908683,0.000000,0.931109,0.191957,0.908683,0.711160,0
q14,acme-dc-2025,0.136723,0.909213,0.011490,0.931750,0.136723,0.909213,0.706597,0
q14,nimbus-subprocessors,0.163871,0.872012,0.012445,0.895226,0.163871,0.872012,0.756791,0
q14,acme-iso27001,0.127820,0.879866,0.000000,0.901591,0.127820,0.879866,0.533200,0
q14,nimbus-overview-c,0.153963,0.849487,0.000000,0.871909,0.153963,0.849487,0.391744,0
q14,nimbus-cert-soc2-2025,0.137529,0.848249,0.000000,0.871857,0.137529,0.848249,0.770480,0
q14,granite-sla,0.104230,0.849942,0.000000,0.872363,0.104230,0.849942,0.681044,0
q14,nimbus-model-training,0.109030,0.844803,0.000000,0.868512,0.109030,0.844803,0.789645,0
q14,nimbus-overview-b,0.155872,0.784874,0.000000,0.808428,0.155872,0.784874,0.634501,0
q14,nimbus-dr,0.143254,0.762342,0.011490,0.786246,0.143254,0.762342,0.730325,0
q14,nimbus-overview-d,0.132042,0.610953,0.000000,0.626089,0.132042,0.610953,0.185493,0
q14,acme-rfi,0.087270,0.533035,0.000000,0.549586,0.087270,0.533035,0.626287,0
q14,nimbus-enc-at-rest,0.224518,0.432761,0.000000,0.437970,0.224518,0.432761,0.711160,0
q14,nimbus-overview-a,0.172940,0.393163,0.000000,0.399431,0.172940,0.393163,0.564229,0
q14,acme-overview,0.096385,0.383032,0.000000,0.388755,0.096385,0.383032,0.544151,0
q14,nimbus-assurance,0.163524,0.190036,0.012445,0.288142,0.187468,0.359595,0.727587,0
q14,nimbus-backup,0.123520,0.346379,0.012445,0.353318,0.123520,0.346379,0.665529,0
q14,acme-dc-2022,0.130194,0.305144,0.000000,0.311439,0.130194,0.305144,0.000000,0
q14,nimbus-partners,0.098925,0.279697,0.012445,0.286788,0.098925,0.279697,0.541414,0
q14,acme-irap,0.139260,0.259849,0.000000,0.267312,0.139260,0.259849,0.740364,0
q14,nimbus-vendor-risk,0.150174,0.248820,0.000000,0.256436,0.150174,0.248820,0.692908,0
q14,nimbus-subcontractors,0.104533,0.267954,0.000000,0.275290,0.104533,0.267954,0.630850,0
q14,granite-dd,0.100287,0.259738,0.000000,0.267185,0.100287,0.259738,0.614423,0
q14,nimbus-cert-soc2-2023,0.143991,0.017911,0.000000,0.018244,0.143991,0.017911,0.119785,0
q14,nimbus-insurance-2023,0.131351,0.016376,0.000000,0.016650,0.131351,0.016376,0.000000,0
q14,nimbus-cert-soc1,0.161780,0.000000,0.000000,0.000000,0.161780,0.000000,0.636326,0
q15,nimbus-assurance,0.281776,9.036834,1.975443,10.101073,0.318799,9.335897,0.727587,1
q15,nimbus-backup,0.187476,8.725256,1.975443,8.951093,0.187476,8.725256,0.665529,0
q15,nimbus-subcontractors,0.139633,7.229968,0.000000,7.379507,0.139633,7.229968,0.630850,0
q15,nimbus-cert-soc2-2023,0.139746,5.033470,0.000000,5.168069,0.139746,5.033470,0.119785,0
q15,nimbus-cert-soc1,0.137877,4.764379,0.000000,4.860651,0.137877,4.764379,0.636326,0
q15,nimbus-dr,0.186692,4.452001,0.011490,4.541909,0.186692,4.452001,0.730325,0
q15,nimbus-breach-policy,0.211183,4.330585,0.011490,4.471875,0.211183,4.330585,0.495783,0
q15,granite-dd,0.141783,4.032503,0.000000,4.112731,0.141783,4.032503,0.614423,0
q15,nimbus-ai-governance,0.123821,3.876883,0.000000,3.982225,0.123821,3.876883,0.789645,0
q15,acme-dc-2022,0.108590,3.457944,0.000000,3.529277,0.108590,3.457944,0.000000,0
q15,nimbus-vendor-risk,0.203905,3.393231,0.000000,3.483115,0.203905,3.393231,0.692908,0
q15,nimbus-insurance-2023,0.100208,3.053231,0.000000,3.104393,0.100208,3.053231,0.000000,0
q15,nimbus-cert-soc2-2025,0.169326,2.935669,0.000000,3.023619,0.169326,2.935669,0.770480,0
q15,acme-dc-2025,0.097212,2.597021,0.011490,2.675746,0.097212,2.597021,0.706597,0
q15,nimbus-integrations,0.114528,2.384609,0.013572,2.455044,0.114528,2.384609,0.617161,0
q15,nimbus-infosec-policy,0.199739,1.366254,0.000000,1.944517,0.236900,2.707378,0.607122,1
q15,granite-sla,0.167840,2.066304,0.000000,2.117822,0.167840,2.066304,0.681044,0
q15,nimbus-overview-d,0.138854,1.735310,0.000000,1.764159,0.138854,1.735310,0.185493,0
q15,nimbus-overview-c,0.140906,1.700450,0.000000,1.730664,0.140906,1.700450,0.391744,0
q15,acme-sla,0.182972,1.548087,0.000000,1.584018,0.182972,1.548087,0.575180,0
q15,acme-overview,0.069278,1.528210,0.000000,1.563789,0.069278,1.528210,0.544151,0
q15,nimbus-breach-history,0.194571,1.366474,0.000000,1.406284,0.194571,1.366474,0.759529,0
q15,acme-rfi,0.113945,1.387119,0.000000,1.426302,0.113945,1.387119,0.626287,0
q15,nimbus-hr-offboarding,0.159276,1.346349,0.012445,1.386470,0.159276,1.346349,0.676481,0
q15,nimbus-overview-a,0.151669,1.297170,0.000000,1.337333,0.151669,1.297170,0.564229,0
q15,nimbus-access-control,0.199041,1.258306,0.012445,1.292283,0.199041,1.258306,0.572443,0
q15,acme-irap,0.189735,0.304163,0.000000,0.306426,0.189735,0.304163,0.740364,0
q15,acme-iso27001,0.137508,0.283772,0.000000,0.286557,0.137508,0.283772,0.533200,0
q15,nimbus-subprocessors,0.182415,0.250812,0.012445,0.254791,0.182415,0.250812,0.756791,0
q15,nimbus-hr-onboarding,0.159937,0.258595,0.011490,0.262178,0.159937,0.258595,0.676481,0
q15,nimbus-model-training,0.155389,0.264629,0.000000,0.268323,0.155389,0.264629,0.789645,0
q15,nimbus-sla,0.150635,0.257057,0.000000,0.260767,0.150635,0.257057,0.646365,0
q15,nimbus-enc-in-transit,0.190265,0.228695,0.000000,0.232979,0.190265,0.228695,0.711160,0
q15,granite-overview,0.093943,0.266166,0.000000,0.269394,0.093943,0.266166,0.526812,0
q15,nimbus-retention,0.174264,0.210913,0.009962,0.215614,0.174264,0.210913,0.665529,0
q15,nimbus-insurance-2026,0.127962,0.238477,0.000000,0.242403,0.127962,0.238477,0.849878,0
q15,nimbus-overview-b,0.155682,0.224143,0.000000,0.228600,0.155682,0.224143,0.634501,0
q15,nimbus-partners,0.115433,0.181034,0.012445,0.185527,0.115433,0.181034,0.541414,0
q15,nimbus-enc-at-rest,0.158831,0.157215,0.000000,0.162134,0.158831,0.157215,0.711160,0
q16,nimbus-ai-governance,0.321110,11.014743,10.475025,11.183294,0.321110,11.014743,0.789645,1
q16,nimbus-model-training,0.285156,11.384399,3.597179,11.703612,0.285156,11.384399,0.789645,1
q16,nimbus-integrations,0.210317,4.595131,0.013572,4.737906,0.210317,4.595131,0.617161,0
q16,nimbus-enc-at-rest,0.216250,2.799899,0.780771,2.861316,0.216250,2.799899,0.711160,0
q16,nimbus-infosec-policy,0.172185,1.897394,0.309641,2.918520,0.184387,3.213784,0.607122,0
q16,nimbus-hr-offboarding,0.163746,3.176271,0.012445,3.272606,0.163746,3.176271,0.676481,0
q16,nimbus-enc-in-transit,0.173474,2.759666,0.445406,2.821436,0.173474,2.759666,0.711160,0
q16,nimbus-hr-onboarding,0.186143,2.546425,0.011490,2.607979,0.186143,2.546425,0.676481,0
q16,nimbus-overview-b,0.154318,2.317145,0.000000,2.383065,0.154318,2.317145,0.634501,0
q16,nimbus-overview-a,0.180437,2.289401,0.000000,2.355168,0.180437,2.289401,0.564229,0
q16,nimbus-partners,0.145791,2.188340,0.012445,2.234366,0.145791,2.188340,0.541414,0
q16,acme-dc-2025,0.200762,1.711874,0.592664,1.735598,0.200762,1.711874,0.706597,0
q16,acme-dc-2022,0.170272,1.652021,0.534158,1.679150,0.170272,1.652021,0.000000,0
q16,nimbus-retention,0.176312,1.792463,0.009962,1.822237,0.176312,1.792463,0.665529,0
q16,nimbus-breach-policy,0.136769,1.557588,0.422732,1.580206,0.136769,1.557588,0.495783,0
q16,acme-rfi,0.144957,1.677672,0.000000,1.726086,0.144957,1.677672,0.626287,0
q16,nimbus-subprocessors,0.232570,1.624876,0.012445,1.658722,0.232570,1.624876,0.756791,0
q16,nimbus-overview-d,0.133270,1.363302,0.000000,1.395618,0.133270,1.363302,0.185493,0
q16,acme-irap,0.191347,1.322839,0.000000,1.357886,0.191347,1.322839,0.740364,0
q16,nimbus-vendor-risk,0.205096,1.312690,0.000000,1.348556,0.205096,1.312690,0.692908,0
q16,nimbus-breach-history,0.161672,1.324009,0.000000,1.350626,0.161672,1.324009,0.759529,0
q16,acme-sla,0.135450,1.302228,0.000000,1.335871,0.135450,1.302228,0.575180,0
q16,nimbus-subcontractors,0.127310,0.828129,0.926918,0.849456,0.127310,0.828129,0.630850,0
q16,nimbus-dr,0.132655,1.209931,0.011490,1.246009,0.132655,1.209931,0.730325,0
q16,nimbus-overview-c,0.168953,1.125743,0.000000,1.155572,0.168953,1.125743,0.391744,0
q16,nimbus-assurance,0.174045,0.643892,0.012445,0.923804,0.210842,1.094071,0.727587,0
q16,nimbus-cert-soc2-2025,0.156034,0.861072,0.000000,0.883134,0.156034,0.861072,0.770480,0
q16,nimbus-cert-soc1,0.178500,0.765999,0.000000,0.777210,0.178500,0.765999,0.636326,0
q16,acme-overview,0.114219,0.772326,0.000000,0.787196,0.114219,0.772326,0.544151,0
q16,granite-overview,0.163147,0.542723,0.000000,0.552764,0.163147,0.542723,0.526812,0
q16,nimbus-access-control,0.103500,0.521516,0.012445,0.532290,0.103500,0.521516,0.572443,0
q16,nimbus-backup,0.140785,0.497625,0.012445,0.508964,0.140785,0.497625,0.665529,0
q16,acme-iso27001,0.152828,0.452640,0.000000,0.463652,0.152828,0.452640,0.533200,0
q16,granite-sla,0.106584,0.435617,0.000000,0.447030,0.106584,0.435617,0.681044,0
q16,granite-dd,0.138423,0.406776,0.000000,0.418689,0.138423,0.406776,0.614423,0
q16,nimbus-sla,0.103463,0.421395,0.000000,0.433094,0.103463,0.421395,0.646365,0
q16,nimbus-cert-soc2-2023,0.179445,0.256605,0.000000,0.260278,0.179445,0.256605,0.119785,0
q16,nimbus-insurance-2026,0.101700,0.022103,0.000000,0.022329,0.101700,0.022103,0.849878,0
q16,nimbus-insurance-2023,0.087540,0.016376,0.000000,0.016650,0.087540,0.016376,0.000000,0
q17,nimbus-integrations,0.162137,7.540811,0.013572,7.769521,0.162137,7.540811,0.617161,0
q17,nimbus-vendor-risk,0.166821,4.327479,0.000000,4.439031,0.166821,4.327479,0.692908,0
q17,nimbus-overview-b,0.183141,2.220906,2.973011,2.269364,0.183141,2.220906,0.634501,1
q17,nimbus-breach-history,0.173315,1.875291,3.542765,1.932717,0.173315,1.875291,0.759529,0
q17,nimbus-overview-a,0.179206,1.961070,2.973011,2.003039,0.179206,1.961070,0.564229,1
q17,nimbus-assurance,0.155087,2.662744,0.012445,3.555178,0.188532,3.290232,0.727587,0
q17,nimbus-overview-c,0.195366,1.910178,2.973011,1.957953,0.195366,1.910178,0.391744,1
q17,nimbus-infosec-policy,0.160283,1.504006,0.000000,2.299775,0.174572,3.464185,0.607122,0
q17,granite-dd,0.151269,2.653132,0.189671,2.725039,0.151269,2.653132,0.614423,0
q17,acme-overview,0.129686,0.535335,4.288934,0.547587,0.129686,0.535335,0.544151,0
q17,nimbus-insurance-2026,0.097611,2.639544,0.000000,2.701687,0.097611,2.639544,0.849878,0
q17,nimbus-cert-soc1,0.178085,2.519727,0.000000,2.582057,0.178085,2.519727,0.636326,0
q17,nimbus-partners,0.109410,2.519564,0.012445,2.582555,0.109410,2.519564,0.541414,0
q17,nimbus-hr-onboarding,0.219484,2.302920,0.011490,2.361956,0.219484,2.302920,0.676481,0
q17,granite-overview,0.150633,0.523491,2.394509,0.536053,0.150633,0.523491,0.526812,0
q17,nimbus-access-control,0.145478,0.275786,1.810169,0.282954,0.145478,0.275786,0.572443,0
q17,nimbus-dr,0.153279,0.714679,0.011490,0.725805,0.153279,0.714679,0.730325,0
q17,nimbus-retention,0.128625,0.727412,0.009962,0.738536,0.128625,0.727412,0.665529,0
q17,nimbus-subcontractors,0.122241,0.624775,0.189671,0.636244,0.122241,0.624775,0.630850,0
q17,nimbus-cert-soc2-2023,0.155676,0.699064,0.000000,0.710291,0.155676,0.699064,0.119785,0
q17,nimbus-hr-offboarding,0.164341,0.686026,0.012445,0.697935,0.164341,0.686026,0.676481,0
q17,nimbus-insurance-2023,0.094118,0.716986,0.000000,0.724799,0.094118,0.716986,0.000000,0
q17,nimbus-enc-in-transit,0.090898,0.572343,0.205428,0.585206,0.090898,0.572343,0.711160,0
q17,nimbus-sla,0.121815,0.649699,0.000000,0.662044,0.121815,0.649699,0.646365,0
q17,nimbus-backup,0.166858,0.604944,0.012445,0.617143,0.166858,0.604944,0.665529,0
q17,nimbus-overview-d,0.141363,0.592450,0.000000,0.604480,0.141363,0.592450,0.185493,1
q17,nimbus-ai-governance,0.090202,0.534329,0.000000,0.547997,0.090202,0.534329,0.789645,0
q17,nimbus-subprocessors,0.144707,0.461478,0.012445,0.475298,0.144707,0.461478,0.756791,0
q17,acme-rfi,0.034464,0.450862,0.000000,0.464803,0.034464,0.450862,0.626287,0
q17,acme-sla,0.097244,0.355704,0.000000,0.360430,0.097244,0.355704,0.575180,0
q17,granite-sla,0.110439,0.318867,0.000000,0.324502,0.110439,0.318867,0.681044,0
q17,acme-iso27001,0.083988,0.329110,0.000000,0.334397,0.083988,0.329110,0.533200,0
q17,acme-dc-2022,0.085269,0.305144,0.000000,0.311439,0.085269,0.305144,0.000000,0
q17,nimbus-cert-soc2-2025,0.160449,0.250684,0.000000,0.258240,0.160449,0.250684,0.770480,0
q17,acme-dc-2025,0.102073,0.252659,0.011490,0.260246,0.102073,0.252659,0.706597,0
q17,acme-irap,0.102594,0.228638,0.000000,0.235159,0.102594,0.228638,0.740364,0
q17,nimbus-breach-policy,0.118195,0.211270,0.011490,0.217966,0.118195,0.211270,0.495783,0
q17,nimbus-model-training,0.136677,0.019282,0.176158,0.019609,0.136677,0.019282,0.789645,0
q17,nimbus-enc-at-rest,0.101320,0.016692,0.205428,0.017065,0.101320,0.016692,0.711160,0
q18,acme-rfi,0.317837,17.066332,11.966361,17.472592,0.317837,17.066332,0.626287,1
q18,nimbus-subcontractors,0.148589,4.447561,0.656290,4.532718,0.148589,4.447561,0.630850,0
q18,nimbus-cert-soc1,0.107404,4.286927,0.000000,4.370398,0.107404,4.286927,0.636326,0
q18,nimbus-breach-policy,0.143870,2.986892,0.000000,3.088927,0.143870,2.986892,0.495783,0
q18,acme-dc-2025,0.154849,2.377506,0.000000,2.451634,0.154849,2.377506,0.706597,0
q18,nimbus-infosec-policy,0.119287,2.912745,0.000000,1.530262,0.141436,2.912745,0.607122,0
q18,acme-sla,0.159678,1.315436,0.852451,1.326602,0.159678,1.315436,0.575180,0
q18,nimbus-sla,0.149488,1.012945,0.710813,1.032340,0.149488,1.012945,0.646365,0
q18,nimbus-enc-in-transit,0.141709,1.150702,0.000000,1.167311,0.141709,1.150702,0.711160,0
q18,granite-sla,0.111807,1.040307,0.000000,1.058692,0.111807,1.040307,0.681044,0
q18,acme-iso27001,0.168420,0.799425,0.000000,0.819474,0.168420,0.799425,0.533200,0
q18,granite-overview,0.072025,0.812068,0.000000,0.831800,0.072025,0.812068,0.526812,0
q18,nimbus-overview-c,0.134689,0.771403,0.000000,0.792085,0.134689,0.771403,0.391744,0
q18,nimbus-partners,0.095804,0.779207,0.000000,0.799722,0.095804,0.779207,0.541414,0
q18,nimbus-subprocessors,0.219306,0.710887,0.000000,0.732621,0.219306,0.710887,0.756791,0
q18,nimbus-cert-soc2-2023,0.108193,0.756255,0.000000,0.777241,0.108193,0.756255,0.119785,0
q18,nimbus-overview-b,0.130244,0.710887,0.000000,0.732621,0.130244,0.710887,0.634500,0
q18,nimbus-hr-offboarding,0.131570,0.698002,0.000000,0.719904,0.131570,0.698002,0.676481,0
q18,nimbus-overview-a,0.127630,0.698002,0.000000,0.719904,0.127630,0.698002,0.564229,0
q18,nimbus-cert-soc2-2025,0.111973,0.685577,0.000000,0.707621,0.111973,0.685577,0.770480,0
q18,acme-irap,0.183956,0.000000,0.000000,0.000000,0.183956,0.000000,0.740364,0
q18,acme-overview,0.159707,0.000000,0.000000,0.000000,0.159707,0.000000,0.544151,0
q18,nimbus-ai-governance,0.151616,0.000000,0.000000,0.000000,0.151616,0.000000,0.789645,0
q18,nimbus-vendor-risk,0.149513,0.000000,0.000000,0.000000,0.149513,0.000000,0.692908,0
q18,acme-dc-2022,0.149330,0.000000,0.000000,0.000000,0.149330,0.000000,0.000000,0
q18,nimbus-integrations,0.148166,0.000000,0.000000,0.000000,0.148166,0.000000,0.617161,0
q18,nimbus-dr,0.146989,0.000000,0.000000,0.000000,0.146989,0.000000,0.730325,0
q18,nimbus-insurance-2026,0.138144,0.000000,0.000000,0.000000,0.138144,0.000000,0.849878,0
q18,nimbus-assurance,0.124710,0.000000,0.000000,0.000000,0.134005,0.000000,0.727587,0
q18,nimbus-insurance-2023,0.127079,0.000000,0.000000,0.000000,0.127079,0.000000,0.000000,0
q18,nimbus-model-training,0.122270,0.000000,0.000000,0.000000,0.122270,0.000000,0.789645,0
q18,nimbus-breach-history,0.121669,0.000000,0.000000,0.000000,0.121669,0.000000,0.759529,0
q18,granite-dd,0.120492,0.000000,0.000000,0.000000,0.120492,0.000000,0.614423,0
q18,nimbus-access-control,0.116855,0.000000,0.000000,0.000000,0.116855,0.000000,0.572443,0
q18,nimbus-enc-at-rest,0.085678,0.000000,0.000000,0.000000,0.085678,0.000000,0.711160,0
q18,nimbus-hr-onboarding,0.085131,0.000000,0.000000,0.000000,0.085131,0.000000,0.676481,0
q18,nimbus-backup,0.083890,0.000000,0.000000,0.000000,0.083890,0.000000,0.665529,0
q18,nimbus-overview-d,0.075082,0.000000,0.000000,0.000000,0.075082,0.000000,0.185493,0
q18,nimbus-retention,0.069503,0.000000,0.000000,0.000000,0.069503,0.000000,0.665529,0
q19,nimbus-integrations,0.176737,7.468895,0.000000,7.701767,0.176737,7.468895,0.617161,0
q19,nimbus-model-training,0.218435,5.462790,0.381944,5.595952,0.218435,5.462790,0.789645,0
q19,nimbus-insurance-2023,0.106101,5.688571,0.000000,5.783891,0.106101,5.688571,0.000000,0
q19,nimbus-breach-policy,0.114569,4.846542,0.411241,4.981650,0.114569,4.846542,0.495783,0
q19,nimbus-cert-soc2-2023,0.109417,4.599440,0.000000,4.727074,0.109417,4.599440,0.119785,0
q19,nimbus-infosec-policy,0.155439,4.587779,0.000000,2.457501,0.176046,4.587779,0.607122,0
q19,nimbus-partners,0.170121,3.376416,0.000000,3.449328,0.170121,3.376416,0.541414,0
q19,acme-iso27001,0.178971,3.350830,0.000000,3.434863,0.178971,3.350830,0.533200,0
q19,nimbus-assurance,0.175146,3.634411,0.000000,2.561434,0.181423,3.634411,0.727587,0
q19,acme-dc-2025,0.242897,1.646632,2.806472,1.671076,0.242897,1.646632,0.706597,0
q19,nimbus-enc-in-transit,0.172689,2.681568,0.445406,2.744910,0.172689,2.681568,0.711160,0
q19,acme-overview,0.181005,2.509123,0.000000,2.568074,0.181005,2.509123,0.544151,0
q19,acme-dc-2022,0.242119,0.704182,3.424583,0.713476,0.242119,0.704182,0.000000,0
q19,nimbus-retention,0.125860,2.369942,0.000000,2.417834,0.125860,2.369942,0.665529,0
q19,acme-irap,0.127157,2.269074,0.000000,2.337509,0.127157,2.269074,0.740364,0
q19,nimbus-hr-offboarding,0.180524,1.986526,0.000000,2.041243,0.180524,1.986526,0.676481,0
q19,nimbus-access-control,0.137602,1.936742,0.000000,1.989586,0.137602,1.936742,0.572443,0
q19,nimbus-ai-governance,0.165986,1.906603,0.000000,1.974926,0.165986,1.906603,0.789645,0
q19,nimbus-backup,0.217419,1.862855,0.000000,1.917054,0.217419,1.862855,0.665529,0
q19,nimbus-enc-at-rest,0.192451,1.451974,0.445406,1.480827,0.192451,1.451974,0.711160,0
q19,nimbus-subprocessors,0.212644,1.399892,0.000000,1.429136,0.212644,1.399892,0.756791,0
q19,granite-sla,0.137345,1.345116,0.000000,1.380856,0.137345,1.345116,0.681044,0
q19,nimbus-overview-a,0.172033,1.327848,0.000000,1.356194,0.172033,1.327848,0.564229,0
q19,nimbus-overview-c,0.167971,1.313673,0.000000,1.341462,0.167971,1.313673,0.391744,0
q19,nimbus-overview-b,0.165585,1.230822,0.000000,1.260847,0.165585,1.230822,0.634500,0
q19,acme-rfi,0.159060,1.204102,0.000000,1.234740,0.159060,1.204102,0.626287,0
q19,nimbus-breach-history,0.161087,1.179253,0.000000,1.209594,0.161087,1.179253,0.759529,0
q19,nimbus-cert-soc1,0.132324,1.046286,0.000000,1.055622,0.132324,1.046286,0.636326,0
q19,nimbus-subcontractors,0.219350,0.811191,0.000000,0.826723,0.219350,0.811191,0.630850,0
q19,nimbus-cert-soc2-2025,0.132451,0.765867,0.000000,0.782878,0.132451,0.765867,0.770480,0
q19,nimbus-sla,0.135474,0.596838,0.000000,0.613807,0.135474,0.596838,0.646365,0
q19,nimbus-vendor-risk,0.122587,0.599262,0.000000,0.612573,0.122587,0.599262,0.692908,0
q19,acme-sla,0.136390,0.493253,0.000000,0.505996,0.136390,0.493253,0.575180,0
q19,nimbus-hr-onboarding,0.130521,0.480965,0.000000,0.493974,0.130521,0.480965,0.676481,0
q19,nimbus-dr,0.204489,0.435406,0.000000,0.449154,0.204489,0.435406,0.730325,0
q19,nimbus-overview-d,0.142577,0.000000,0.000000,0.000000,0.142577,0.000000,0.185493,0
q19,granite-dd,0.106543,0.000000,0.000000,0.000000,0.106543,0.000000,0.614423,0
q19,granite-overview,0.094951,0.000000,0.000000,0.000000,0.094951,0.000000,0.526812,0
q19,nimbus-insurance-2026,0.092702,0.000000,0.000000,0.000000,0.092702,0.000000,0.849878,0
q20,granite-dd,0.276777,19.797922,2.722324,20.278145,0.276777,19.797922,0.614423,1
q20,nimbus-subcontractors,0.128400,3.999986,0.189671,4.073875,0.128400,3.999986,0.630850,0
q20,nimbus-cert-soc1,0.162300,3.515524,0.000000,3.578313,0.162300,3.515524,0.636326,0
q20,nimbus-breach-policy,0.127221,3.438983,0.000000,3.550336,0.127221,3.438983,0.495783,0
q20,nimbus-access-control,0.164039,2.947362,0.000000,3.027780,0.164039,2.947362,0.572443,0
q20,granite-overview,0.110653,2.628879,0.000000,2.671688,0.110653,2.628879,0.526812,0
q20,acme-dc-2025,0.067294,2.577507,0.000000,2.655913,0.067294,2.577507,0.706597,0
q20,acme-overview,0.113512,2.059329,0.000000,2.107712,0.113512,2.059329,0.544151,0
q20,nimbus-sla,0.076465,2.020896,0.000000,2.072319,0.076465,2.020896,0.646365,0
q20,nimbus-retention,0.163154,1.935501,0.000000,1.988351,0.163154,1.935501,0.665529,0
q20,nimbus-dr,0.136770,1.916109,0.000000,1.969370,0.136770,1.916109,0.730325,0
q20,nimbus-enc-at-rest,0.115999,1.506227,0.205428,1.554945,0.115999,1.506227,0.711160,0
q20,nimbus-overview-c,0.132448,1.543513,0.000000,1.584896,0.132448,1.543513,0.391744,0
q20,nimbus-overview-a,0.120853,1.540351,0.000000,1.588683,0.120853,1.540351,0.564229,0
q20,nimbus-assurance,0.164077,0.503741,0.000000,0.558626,0.168222,0.591070,0.727587,0
q20,nimbus-cert-soc2-2023,0.169099,0.562838,0.000000,0.570837,0.169099,0.562838,0.119785,0
q20,acme-sla,0.077169,0.601847,0.000000,0.608868,0.077169,0.601847,0.575180,0
q20,acme-iso27001,0.140889,0.568402,0.000000,0.576037,0.140889,0.568402,0.533200,0
q20,nimbus-hr-offboarding,0.166431,0.546457,0.000000,0.555357,0.166431,0.546457,0.676481,0
q20,nimbus-ai-governance,0.149388,0.552642,0.000000,0.561987,0.149388,0.552642,0.789645,0
q20,nimbus-insurance-2026,0.093085,0.581237,0.000000,0.588659,0.093085,0.581237,0.849878,0
q20,nimbus-insurance-2023,0.080218,0.582179,0.000000,0.587733,0.080218,0.582179,0.000000,0
q20,nimbus-integrations,0.209182,0.510229,0.000000,0.519971,0.209182,0.510229,0.617161,0
q20,nimbus-enc-in-transit,0.165493,0.423937,0.205428,0.434054,0.165493,0.423937,0.711160,0
q20,granite-sla,0.122046,0.542379,0.000000,0.550892,0.122046,0.542379,0.681044,0
q20,acme-irap,0.124096,0.490251,0.000000,0.498501,0.124096,0.490251,0.740364,0
q20,nimbus-infosec-policy,0.173738,0.341755,0.000000,0.441100,0.191059,0.449562,0.607122,0
q20,nimbus-subprocessors,0.151913,0.436604,0.000000,0.446553,0.151913,0.436604,0.756791,0
q20,acme-rfi,0.112173,0.446213,0.000000,0.455888,0.112173,0.446213,0.626287,0
q20,nimbus-vendor-risk,0.138707,0.424883,0.000000,0.435100,0.138707,0.424883,0.692908,0
q20,nimbus-breach-history,0.128887,0.405775,0.000000,0.416308,0.128887,0.405775,0.759529,0
q20,nimbus-backup,0.090161,0.418819,0.000000,0.429061,0.090161,0.418819,0.665529,0
q20,nimbus-model-training,0.131112,0.245347,0.176158,0.248714,0.131112,0.245347,0.789645,0
q20,nimbus-overview-d,0.099148,0.305816,0.000000,0.310927,0.099148,0.305816,0.185493,0
q20,nimbus-cert-soc2-2025,0.154752,0.267269,0.000000,0.269923,0.154752,0.267269,0.770480,0
q20,nimbus-hr-onboarding,0.170289,0.240504,0.000000,0.243761,0.170289,0.240504,0.676481,0
q20,nimbus-overview-b,0.114049,0.201910,0.000000,0.206128,0.114049,0.201910,0.634500,0
q20,nimbus-partners,0.145369,0.160426,0.000000,0.164650,0.145369,0.160426,0.541414,0
q20,acme-dc-2022,0.076721,0.000000,0.000000,0.000000,0.076721,0.000000,0.000000,0
